sid,pid,last_Modified,comment
100,1,8/20/2013,
200,1,8/28/2013,
300,1,8/29/2013,
400,1,9/3/2013,
900,1,9/9/2013,
1000,1,9/10/2013,
100,1,8/5/2016,
200,1,8/8/2016,
300,1,8/12/2016,
400,2,8/25/2016,
500,2,8/29/2016,
600,2,9/2/2016,
700,2,9/5/2016,
800,2,9/7/2016,
900,2,9/12/2016,
1000,2,9/14/2016,
1100,2,9/18/2016,
100,2,6/8/2017,
200,2,6/19/2017,
300,2,6/19/2017,
400,1,6/28/2017,
500,3,7/19/2017,
600,3,8/7/2017,
700,3,8/30/2017,
1100,3,9/1/2017,
1200,3,9/25/2017,
800,3,10/10/2017,
900,3,9/6/2017,
1000,2,9/11/2017,
1300,2,9/11/2017,
1400,3,10/13/2017,
1500,3,11/2/2017,
1000,3,11/14/2017,
2000,2,11/24/2017,
1100,2,11/27/2017,
1200,2,10/2/2017,
1300,2,10/30/2017,
1400,2,11/6/2017,
1500,3,11/29/2017,
1000,3,12/12/2017,
2000,3,12/12/2017,
